記録対戦数,記録段位,記録点数,和了率,放銃率,ツモ率,ダマ率,流局率,流局聴牌率,副露率,立直率,和了巡数,平均和了,平均放銃,平均順位,飛び率,安定段位,点数期待,立直和了,立直放銃A,立直放銃B,立直収支,立直収入,立直支出,先制率,追っかけ率,追っかけられ率,立直巡目,立直流局,一発率,振聴率,立直多面,立直良形,最高段位,最高点数,最大連荘,裏ドラ率,痛い親かぶり率,痛い親かぶり平均,放銃時立直率,放銃時副露率,副露後放銃率,副露後和了率,副露後流局率,打点効率,銃点損失,調整打点効率,局収支,総計局数,和了時立直率,和了時副露率,和了時ダマ率
3084,豪1,1348/2800,0.2155,0.1438,0.3705,0.1461,0.1299,0.4946,0.2507,0.2110999999999999,12.433,7008.0,5638.0,2.475,0.0868999999999999,豪1.41,1.6 (909),0.4886,0.1402,0.106,2917.0,8243.0,7240.0,0.8029999999999999,0.1969999999999999,0.1937,9.604,0.1459,0.1966,0.0098,0.7461,0.4615999999999999,聖1,2235/4000,7.0,0.3234,0.1024,10445.0,0.2059,0.2678999999999999,0.1537,0.3226,0.1235999999999999,1510.0,811.0,699.0,38.0,31959.0,0.478623944315545,0.3752938283062645,0.1461
635,豪2,2181/3200,0.215,0.152,0.3524,0.1469,0.1247,0.5128,0.3618,0.1635,12.335,6350.0,5494.0,2.564,0.0803,豪-0.70,-10.9 (201),0.5051,0.1393,0.1021,2872.0,7690.0,6462.0,0.8449,0.1551,0.221,9.338,0.1336999999999999,0.2059,0.0028,0.7734000000000001,0.5153,豪2,2181/3200,5.0,0.2794,0.1027,10533.0,0.1499,0.4056,0.1704,0.2786,0.1389,1365.0,835.0,530.0,-117.0,6586.0,0.3841109302325582,0.46882548837209304,0.1469
2435,傑3,1117/2000,0.2078,0.1855,0.3846,0.0956,0.1198,0.593,0.2738,0.2347,12.717,7664.0,5893.0,2.573,0.1314,豪-1.50,2.3,0.4603,0.1493,0.106,2817.0,8607.0,6978.0,0.7605,0.2395,0.1783,10.172,0.1592,0.2130999999999999,0.0128,0.7265,0.4639,豪2,2046/3200,6.0,0.3342,0.1028999999999999,10535.0,0.1889999999999999,0.2766,0.1873999999999999,0.2919,0.1168999999999999,1593.0,1093.0,500.0,-104.0,24678.0,0.5198864773820981,0.3846112608277189,0.0956
196,豪1,648/2800,0.1994,0.1527,0.3804999999999999,0.1682999999999999,0.1143,0.5318999999999999,0.2821,0.1863,12.449,6449.0,5376.0,2.607,0.0969,豪-1.64,-10.9 (59),0.4490999999999999,0.1488,0.0992,2460.0,7954.0,6660.0,0.7545999999999999,0.2453999999999999,0.1984,9.957,0.1488,0.2035,0.0104,0.7545999999999999,0.4648,豪1,1545/2800,4.0,0.314,0.0896,9809.0,0.1815,0.2707,0.1466,0.2914,0.1172,1286.0,821.0,465.0,-166.0,2056.0,0.41959543630892676,0.4122564694082247,0.1682999999999999
122,傑1,360/1200,0.2057,0.1636,0.3745,0.0965,0.1255,0.4429999999999999,0.3804999999999999,0.1589,12.787,7105.0,5974.0,2.615,0.0902,豪-2.18,-0.8,0.52,0.145,0.105,3322.0,8483.0,7307.0,0.815,0.185,0.18,9.645,0.155,0.25,0.005,0.715,0.48,豪1,2561/2800,3.0,0.2885,0.11,11663.0,0.1408,0.3786,0.1628,0.2714,0.1253,1462.0,978.0,484.0,-151.0,1259.0,0.4016917841516773,0.5020306271268836,0.0965
311,豪1,1043/2800,0.1951999999999999,0.1514,0.4035,0.0506,0.1393,0.4656,0.3414,0.1939999999999999,12.345,6565.0,5533.0,2.662,0.0803999999999999,豪-2.93,-17.6 (59),0.4682,0.1465,0.1099,2722.0,8145.0,6995.0,0.8025,0.1975,0.1926999999999999,9.633,0.1783,0.1769,0.0207,0.7834,0.4825,豪2,1888/3200,5.0,0.2721,0.0822,10534.0,0.1878,0.3693999999999999,0.1638,0.2769,0.1384999999999999,1282.0,838.0,444.0,-211.0,3237.0,0.4653217213114754,0.4842912909836068,0.0506
916,豪2,1451/3200,0.2465,0.1523,0.3522,0.0843999999999999,0.1208,0.4934,0.3315999999999999,0.2214999999999999,12.303,6401.0,5782.0,2.485,0.0873,豪1.11,-3.5 (411),0.4978,0.155,0.1135999999999999,2809.0,8045.0,6938.0,0.7944,0.2055999999999999,0.2037,9.49,0.1276,0.2079,0.0034,0.7511,0.4765999999999999,豪3,2884/3600,7.0,0.3395,0.1177999999999999,10461.0,0.2255,0.3529,0.1621,0.348,0.111,1578.0,881.0,697.0,44.0,9376.0,0.44731318458417835,0.46814117647058806,0.0843999999999999
298,傑3,854/2000,0.2319999999999999,0.1598,0.3747999999999999,0.1103,0.1175,0.5475,0.3878999999999999,0.1779,12.355,6531.0,5746.0,2.5,0.094,豪0.03,9.0,0.5018,0.1494,0.1107,2996.0,8363.0,7414.0,0.7269,0.2731,0.155,9.767,0.1494,0.2794,0.0129,0.7786,0.5129,豪1,2225/2800,4.0,0.3198999999999999,0.0868,10258.0,0.1663,0.3881,0.1599,0.302,0.1066,1515.0,918.0,597.0,19.0,3047.0,0.384785431034483,0.5049387931034485,0.11029999999999998
1014,聖1,3794/4000,0.2098,0.1229,0.371,0.1153,0.1417,0.4790999999999999,0.222,0.2337999999999999,12.425,7232.0,5529.0,2.427,0.074,豪3.94,-0.2 (20248),0.5043,0.128,0.0928,3155.0,8276.0,7212.0,0.8123,0.1877,0.2057,9.736,0.1452,0.1987,0.0123,0.7456,0.5061,聖1,3825/4000,5.0,0.3162999999999999,0.1026,10622.0,0.2435999999999999,0.2232999999999999,0.1235999999999999,0.3049,0.1822,1517.0,679.0,838.0,149.0,10459.0,0.5619892278360341,0.3226301239275501,0.1153
1109,豪3,1922/3600,0.2087999999999999,0.1293,0.3608,0.0898,0.1399,0.4206,0.3073,0.2032999999999999,12.24,6822.0,5504.0,2.463,0.0803,豪2.66,-1.1 (1700),0.4943999999999999,0.1426,0.1101999999999999,2964.0,8100.0,6640.0,0.8096,0.1903999999999999,0.1896,9.34,0.1473,0.209,0.0068,0.7091,0.4879,豪3,3598/3600,5.0,0.3195,0.0915,10536.0,0.2242,0.3295,0.1387,0.2914,0.1432,1425.0,712.0,713.0,11.0,11522.0,0.4813770114942527,0.4288659961685825,0.0898
189,豪2,2088/3200,0.2189999999999999,0.1157,0.3499,0.079,0.1369,0.491,0.2837,0.2382999999999999,12.254,6764.0,5418.0,2.397,0.0582,豪3.91,6.8 (163),0.4772,0.1162,0.083,3054.0,8324.0,6868.0,0.7718,0.2282,0.1805,9.719,0.1535,0.2173999999999999,0.0062,0.6577,0.4336,豪2,2320/3200,8.0,0.3217,0.1003999999999999,10344.0,0.2392999999999999,0.3248,0.1324,0.3101,0.1551,1481.0,627.0,854.0,201.0,2023.0,0.5192546118721463,0.40171401826484043,0.079
1967,豪1,1353/2800,0.2274,0.1553,0.3664,0.1155,0.1143,0.5695,0.439,0.1491,12.357,6525.0,5764.0,2.536,0.093,豪-0.11,-4.5 (299),0.5021,0.1329,0.1025,3413.0,8937.0,7292.0,0.7779,0.2221,0.1873999999999999,9.574,0.1341999999999999,0.2107,0.0109,0.8151999999999999,0.5342,豪2,2629/3200,6.0,0.3278,0.0994999999999999,10438.0,0.1276,0.4481,0.1586,0.2876,0.1278,1484.0,895.0,588.0,-13.0,20286.0,0.32921332453825863,0.555217238346526,0.1155
2231,聖3,3031/9000,0.2181,0.1193999999999999,0.3763,0.1444,0.1371,0.46,0.3034,0.1889,12.299,6857.0,5524.0,2.363,0.0681,聖3.80,2.4 (2510),0.5025,0.1349,0.1052999999999999,3166.0,8442.0,7277.0,0.7857999999999999,0.2142,0.2042,9.455,0.1433,0.2062999999999999,0.0059,0.7493000000000001,0.5271,聖3,5957/9000,6.0,0.3243,0.0941,10466.0,0.2133,0.3323,0.1308,0.3023,0.1456,1496.0,660.0,836.0,179.0,23233.0,0.4352235213204952,0.4205310408069693,0.1444
1460,聖1,3233/4000,0.2096,0.1032,0.3764,0.1558,0.1463,0.3851,0.312,0.1546,12.123,6330.0,5411.0,2.434,0.0567999999999999,聖1.25,0.8 (961),0.5251,0.1217999999999999,0.0971,3408.0,8228.0,6880.0,0.841,0.159,0.2067,9.398,0.1477,0.1825,0.0084,0.7561,0.5363,聖1,3744/4000,6.0,0.3218999999999999,0.1022,10542.0,0.1823,0.3409,0.1128,0.307,0.1459,1327.0,558.0,768.0,78.0,15464.0,0.38731135496183206,0.4569847328244275,0.1558
2553,傑2,503/1400,0.2594,0.1808,0.3555,0.0891,0.0997,0.6834,0.4968999999999999,0.1657999999999999,12.238,5848.0,5953.0,2.573,0.1018,豪-1.44,2.5,0.5015,0.1359,0.1041,2677.0,7497.0,7077.0,0.8011,0.1989,0.1882,9.127,0.1291,0.1881,0.0113999999999999,0.7190000000000001,0.4631,豪2,2768/3200,6.0,0.3178,0.1094999999999999,10389.0,0.1247,0.5146999999999999,0.1871999999999999,0.3081,0.0988,1517.0,1076.0,441.0,-91.0,26526.0,0.3205424055512719,0.590188473400154,0.0891
1162,聖1,2000/4000,0.2332999999999999,0.1271,0.3652,0.149,0.1296,0.4681,0.3565,0.163,12.159,6350.0,5364.0,2.394,0.0584999999999999,聖2.27,4.0 (499),0.5206000000000001,0.1299,0.0943,3425.0,8371.0,6478.0,0.7909,0.2091,0.1966,9.392,0.1349,0.2264,0.0075,0.77,0.5489,聖2,4632/6000,6.0,0.3324,0.0989,10396.0,0.1666,0.3871,0.1381,0.3188,0.1268,1481.0,682.0,799.0,152.0,12230.0,0.36372824689241345,0.487150450064295,0.149
2398,魂1,9.0/20.0,0.2288,0.1101999999999999,0.3666,0.1261999999999999,0.1392,0.3834,0.3468,0.1724,12.056,6205.0,5409.0,2.379,0.0542,聖3.90,2.5,0.5256000000000001,0.1357,0.1046,3202.0,7977.0,6630.0,0.8217,0.1783,0.209,9.267,0.1318,0.2039,0.0044,0.785,0.5325,魂1,10.0/20.0,5.0,0.3349,0.107,10449.0,0.2123,0.38,0.1208,0.3152,0.1444,1420.0,596.0,824.0,143.0,25169.0,0.3960377622377622,0.4777594405594406,0.1261999999999999
1027,豪2,1224/3200,0.2309,0.1556,0.358,0.1796,0.1141,0.5324,0.347,0.1646999999999999,12.607,6633.0,5751.0,2.5,0.0876,豪0.87,-4.5 (274),0.5029,0.1354,0.0974,3219.0,8555.0,7011.0,0.7581,0.2419,0.1861,9.998,0.1278999999999999,0.2198999999999999,0.0052,0.7959999999999999,0.5710999999999999,豪2,2355/3200,6.0,0.3013,0.1039,10455.0,0.1433,0.3567,0.16,0.3071,0.12,1531.0,895.0,636.0,42.0,10539.0,0.35871645734083996,0.46151450844521436,0.1796
412,豪2,1004/3200,0.2067999999999999,0.1195,0.3243999999999999,0.1785,0.1365,0.3912,0.2699,0.1717,12.414,6667.0,5830.0,2.493,0.0630999999999999,豪2.02,0.1,0.5108,0.123,0.0905,3179.0,8356.0,7986.0,0.8162,0.1838,0.1905,9.598,0.1419,0.1957999999999999,0.0121999999999999,0.8027,0.4743,豪3,1926/3600,4.0,0.291,0.0953,10530.0,0.1767,0.3087,0.1367,0.3044,0.135,1378.0,697.0,682.0,16.0,4309.0,0.4241023210831723,0.39728027079303685,0.17850000000000002
776,豪1,745/2800,0.2351,0.1485,0.3827,0.0722,0.1289,0.4918,0.2916,0.2312999999999999,12.237,6200.0,5815.0,2.519,0.0941,豪0.09,-3.7 (202),0.4924,0.1543,0.1219,2683.0,7910.0,7384.0,0.8447,0.1553,0.2044,9.438,0.1451,0.1796,0.0151,0.7256999999999999,0.4886999999999999,豪2,2711/3200,5.0,0.3122,0.1018999999999999,10676.0,0.2403,0.2975,0.1515,0.3572999999999999,0.1181,1458.0,864.0,594.0,-56.0,8014.0,0.4844411739685238,0.4431675031901318,0.0722
2798,豪2,1489/3200,0.2264999999999999,0.1367,0.366,0.1057,0.1238,0.4719,0.3697999999999999,0.1867,12.241,6209.0,5611.0,2.5,0.0876,豪1.25,-2.7 (547),0.4995,0.138,0.1033,2969.0,8085.0,6973.0,0.7988,0.2012,0.1917,9.443,0.1388,0.2009,0.0105,0.757,0.5196000000000001,豪3,2054/3600,6.0,0.2973,0.1026,10481.0,0.1885,0.3845,0.1421,0.2955,0.1318,1406.0,767.0,639.0,-17.0,29149.0,0.41172913907284786,0.48245430463576167,0.1057
565,豪2,289/3200,0.1969,0.1452999999999999,0.3726,0.1396,0.1318,0.4733,0.2419,0.2043,12.526,7232.0,5565.0,2.547,0.1097,豪-0.67,-11.5 (25),0.4735,0.1564,0.1152,2847.0,8517.0,6877.0,0.7536,0.2464,0.1867,9.817,0.1413,0.2114,0.0076,0.7376,0.508,豪2,1600/3200,6.0,0.3197,0.1003999999999999,10389.0,0.2198999999999999,0.2447,0.147,0.3004,0.1449,1424.0,809.0,615.0,-74.0,5821.0,0.4912953275774504,0.36905413915693247,0.1396
1364,豪1,1187/2800,0.2032999999999999,0.1402,0.3535,0.178,0.1338,0.4540999999999999,0.3191,0.1755999999999999,12.465,6889.0,5612.0,2.551,0.0821,豪-0.31,-5.2 (227),0.4767,0.1465,0.1081,2831.0,8292.0,6952.0,0.7552,0.2448,0.1724,9.899,0.151,0.2114,0.0121,0.7631,0.4927,豪2,1867/3200,6.0,0.3107,0.1085999999999999,10325.0,0.1835,0.3583,0.1575,0.2612,0.1477,1400.0,787.0,613.0,-56.0,14069.0,0.41174874569601577,0.4099799311362521,0.178
1980,聖3,3553/9000,0.2337,0.1264,0.361,0.1289,0.1306,0.4714,0.3917,0.1815,12.288,6453.0,5439.0,2.38,0.0484999999999999,聖3.28,0.9 (6367),0.5011,0.1358,0.102,3124.0,8309.0,6927.0,0.7994,0.2006,0.1918,9.561,0.1427,0.1914,0.0125,0.7166,0.4835,聖3,8873/9000,6.0,0.3144,0.1054,10325.0,0.195,0.4036999999999999,0.1303,0.2876,0.1436,1508.0,687.0,821.0,170.0,20737.0,0.3891726572528883,0.48204073598630726,0.1289
773,豪1,1383/2800,0.1963,0.1157,0.3722,0.1033999999999999,0.1501,0.3669,0.2949,0.1702,12.145,6567.0,5308.0,2.506,0.0737,豪1.36,1.3 (1120),0.5123,0.1329,0.0932,3081.0,7904.0,6635.0,0.8461,0.1539,0.2196999999999999,9.264,0.146,0.1735,0.0087,0.7023,0.4314,豪3,2334/3600,5.0,0.3046999999999999,0.0974,10138.0,0.1955,0.3337,0.1309,0.3011,0.141,1289.0,614.0,675.0,-50.0,8132.0,0.44418471726948544,0.4523402445236882,0.1033999999999999
268,傑2,910/1400,0.2297,0.1744,0.3418,0.0633,0.1243,0.5702,0.4593,0.1969,12.195,6704.0,5925.0,2.541,0.1193999999999999,豪-0.19,7.3,0.4594,0.1384,0.1052,2882.0,8468.0,6297.0,0.7306,0.2694,0.1716,10.061,0.1531,0.2048,0.0055,0.8062999999999999,0.4576,豪1,2470/2800,6.0,0.3132999999999999,0.0968,10609.0,0.1563,0.5333,0.2025,0.2714,0.1234,1539.0,1033.0,506.0,-66.0,2752.0,0.39380000000000004,0.5426818458859383,0.0633
521,豪2,604/3200,0.2014,0.1368,0.3672999999999999,0.1543,0.133,0.4604,0.3218999999999999,0.177,12.243,6718.0,5399.0,2.547,0.0691,豪0.43,-5.6 (107),0.4859,0.1484,0.1149,2745.0,8051.0,7226.0,0.8359000000000001,0.1641,0.2059,9.787,0.1421,0.1828,0.024,0.7482,0.4963,豪3,3185/3600,4.0,0.3440999999999999,0.1012,10732.0,0.1919,0.3364999999999999,0.143,0.2619,0.158,1353.0,739.0,614.0,-60.0,5408.0,0.42703227408142996,0.4185978649453822,0.1543
1309,豪2,1717/3200,0.2092999999999999,0.1268999999999999,0.3614,0.124,0.1382,0.413,0.3268999999999999,0.1795,12.262,6468.0,5569.0,2.509,0.0749,豪0.82,-4.4 (386),0.4941,0.1401,0.1064,2996.0,8200.0,6653.0,0.8079999999999999,0.192,0.2071,9.516,0.1336,0.1643,0.0085,0.6987000000000001,0.4767,豪2,2717/3200,5.0,0.3303,0.1003,10181.0,0.1982,0.3607,0.14,0.2896,0.1462,1354.0,707.0,647.0,-49.0,13723.0,0.423750358337315,0.45231839464882956,0.124
1242,豪3,1686/3600,0.1987,0.1253,0.3807999999999999,0.1389,0.1426,0.3848,0.2488,0.1845,12.373,6960.0,5519.0,2.508,0.0765,豪1.08,-7.1 (238),0.5149,0.1274,0.098,3474.0,8630.0,6977.0,0.8127,0.1873,0.1998,9.552,0.1424,0.201,0.0147,0.7942,0.5637,豪3,2837/3600,5.0,0.3336,0.1027999999999999,10316.0,0.1875,0.2943,0.1482,0.306,0.1283,1383.0,692.0,692.0,-12.0,12937.0,0.4781029189733267,0.38315450427780573,0.1389
2127,豪2,2755/3200,0.2208999999999999,0.1381,0.3722,0.1151,0.1296,0.4625999999999999,0.3201,0.1954,12.296,6518.0,5713.0,2.493,0.0842,豪1.07,-3.5 (784),0.4955,0.1487,0.1083,2997.0,8420.0,7156.0,0.7698999999999999,0.2301,0.1914,9.731,0.1359,0.2022,0.0097,0.7609,0.5245000000000001,豪2,2966/3200,5.0,0.3034,0.0996,10710.0,0.2104,0.3352,0.1446,0.3082999999999999,0.1375,1440.0,789.0,651.0,-16.0,22060.0,0.438301041195111,0.4467488909008601,0.11509999999999998
727,聖1,1456/4000,0.24,0.1175,0.345,0.1185,0.1374,0.3569,0.3175,0.1863,12.045,5852.0,5594.0,2.462,0.0619,豪3.18,-2.7 (542),0.5499,0.1155,0.0926999999999999,3209.0,7462.0,6946.0,0.8609,0.1391,0.204,9.089,0.1241,0.1595,0.0014,0.7475,0.5514,聖1,2847/4000,6.0,0.3087,0.1027,10547.0,0.1833,0.3552,0.1314,0.3436999999999999,0.1176,1405.0,657.0,747.0,78.0,7525.0,0.42685987500000006,0.4546864583333332,0.1185
1095,豪3,1965/3600,0.226,0.1393,0.3779999999999999,0.105,0.1278999999999999,0.4747999999999999,0.3388,0.1914,12.362,6652.0,5853.0,2.454,0.0968,豪2.29,-2.6 (768),0.5113,0.1355,0.0977,3238.0,8470.0,7212.0,0.7764,0.2236,0.1964,9.663,0.1336999999999999,0.2191,0.0129,0.7432,0.4892,豪3,2548/3600,7.0,0.3182999999999999,0.1009999999999999,10363.0,0.1863,0.3415999999999999,0.1404,0.3082,0.1412,1503.0,815.0,688.0,36.0,11332.0,0.43302132743362826,0.4620272566371681,0.105
2057,聖1,1406/4000,0.2167,0.1305,0.3643,0.1301999999999999,0.1375,0.4399,0.3181,0.1848999999999999,12.39,6699.0,5435.0,2.469,0.0661,豪2.58,-4.9 (286),0.4981,0.1405,0.1077999999999999,3075.0,8300.0,6855.0,0.7745000000000001,0.2255,0.1972,9.722,0.145,0.2067999999999999,0.0101,0.7476,0.5184000000000001,聖1,2371/4000,7.0,0.3323,0.1008,10547.0,0.1989,0.3253999999999999,0.1335,0.3029,0.1518,1451.0,709.0,742.0,76.0,21374.0,0.42500549146285166,0.4446353945546839,0.1301999999999999
308,豪1,848/2800,0.2213,0.1339,0.3876,0.0871,0.1414,0.3846,0.2787,0.2128999999999999,12.475,6730.0,5822.0,2.474,0.0974,豪1.25,1.0 (1984),0.508,0.1401,0.108,2890.0,8015.0,7484.0,0.7985,0.2014999999999999,0.2130999999999999,9.547,0.1197,0.2069,0.0058,0.7343000000000001,0.5051,豪3,1800/3600,5.0,0.2902,0.0957,10805.0,0.2227,0.2483,0.1193,0.3367,0.1405,1489.0,780.0,709.0,-34.0,3218.0,0.48871757794848597,0.4240320379575237,0.0871
620,聖2,2100/6000,0.2173999999999999,0.1226,0.3515999999999999,0.2229,0.1356,0.4386,0.3116,0.1372,12.194,6403.0,5222.0,2.419,0.0596999999999999,聖1.43,-1.8 (1119),0.5229,0.1236999999999999,0.0935999999999999,3272.0,8045.0,6646.0,0.8149,0.1851,0.1884,9.269,0.1349,0.2430999999999999,0.0111,0.7659,0.5351,聖2,3437/6000,4.0,0.3112999999999999,0.0924,10455.0,0.1384,0.3515999999999999,0.1384,0.3121,0.1305,1392.0,640.0,752.0,88.0,6540.0,0.32999944802207926,0.44733376264949415,0.2229
379,豪1,2646/2800,0.2159,0.1449,0.3559,0.0957,0.1242,0.5436,0.3925,0.1875,12.219,6471.0,5961.0,2.58,0.095,豪-1.11,-8.7 (304),0.4637,0.1236999999999999,0.0941,2605.0,8011.0,7961.0,0.8038,0.1962,0.2151,9.165,0.1573,0.1826,0.0054,0.7231000000000001,0.4328,豪2,1600/3200,6.0,0.3217,0.1043999999999999,10943.0,0.16,0.4261,0.1573,0.276,0.1232,1397.0,864.0,534.0,-127.0,3969.0,0.4027037980546549,0.5017600741083835,0.0957
556,豪2,1652/3200,0.2319,0.1659,0.3636,0.0579,0.1117,0.6318,0.4806,0.1936,12.336,6716.0,6016.0,2.477,0.1007,豪1.12,-3.5 (478),0.4806,0.1268999999999999,0.0926999999999999,2988.0,8313.0,7043.0,0.7678,0.2322,0.1871999999999999,9.832,0.153,0.2228,0.0162,0.7948000000000001,0.5221,豪2,2357/3200,8.0,0.3258,0.1065,10698.0,0.1481,0.5042,0.174,0.2611,0.1247,1558.0,998.0,560.0,-21.0,5739.0,0.40122535575679175,0.5411153945666236,0.05789999999999999
3210,豪1,1722/2800,0.2214999999999999,0.1362,0.3618,0.143,0.1278999999999999,0.4503999999999999,0.2922,0.1963,12.307,6638.0,5700.0,2.5,0.0816,豪1.15,0.6 (1828),0.4836,0.1537,0.1101999999999999,2800.0,8212.0,6930.0,0.7451000000000001,0.2548999999999999,0.1773999999999999,9.806,0.1414,0.2061,0.0081999999999999,0.7689,0.4905,聖1,2729/4000,6.0,0.3204,0.1001,10557.0,0.2214999999999999,0.3171,0.1479,0.3249,0.1235,1470.0,777.0,694.0,32.0,33375.0,0.4285809480812643,0.42860397291196417,0.143
595,聖1,1730/4000,0.2345,0.1521,0.3853,0.1094999999999999,0.1236999999999999,0.5283,0.2904,0.2142,12.393,7092.0,5657.0,2.385,0.0655,聖1.72,2.5 (916),0.5334,0.1176,0.0873,3795.0,8663.0,6508.0,0.8209000000000001,0.1791,0.1813,9.594,0.148,0.1963,0.0098999999999999,0.7656000000000001,0.4788,聖2,3056/6000,5.0,0.3499,0.1063,10830.0,0.1656,0.2821,0.1477,0.3257,0.122,1663.0,860.0,803.0,230.0,6154.0,0.48722507462686565,0.4033402132196163,0.1094999999999999
230,傑2,832/1400,0.2105,0.141,0.3738,0.0953999999999999,0.1356,0.4568,0.3176,0.1907999999999999,12.349,7234.0,5991.0,2.539,0.1043,豪-0.49,6.5,0.5088,0.1096,0.0724,3561.0,8734.0,7062.0,0.7609999999999999,0.239,0.1689,9.704,0.1513,0.2284,0.011,0.7018000000000001,0.4342,豪1,2278/2800,4.0,0.3448,0.0847,10744.0,0.1484,0.3828,0.17,0.2938,0.1238,1522.0,845.0,678.0,3.0,2390.0,0.4611830878859855,0.4432820902612827,0.0953999999999999
2278,聖3,4565/9000,0.2344,0.1296,0.346,0.0944,0.1278999999999999,0.504,0.3591,0.2042,12.136,6424.0,5541.0,2.371,0.0733,聖2.54,-1.4 (3196),0.4954,0.1335,0.1,2839.0,7787.0,6873.0,0.8076000000000001,0.1924,0.2061,9.338,0.1438,0.176,0.005,0.7055,0.4732,聖3,4847/9000,6.0,0.3004,0.0989,10411.0,0.2102,0.3804999999999999,0.1373,0.3095,0.1298,1506.0,718.0,788.0,143.0,23600.0,0.431572866894198,0.4741529436860068,0.0944
1788,豪3,2648/3600,0.2104,0.1199,0.3579,0.1536,0.1402,0.4032,0.3277,0.1547,12.08,6471.0,5370.0,2.47,0.0699,豪2.49,-1.7 (1525),0.5195000000000001,0.1372,0.109,3211.0,8235.0,7164.0,0.8432999999999999,0.1567,0.2026,9.223,0.1358,0.2051,0.0077,0.7639,0.5028,聖1,2062/4000,7.0,0.3204,0.0993,10372.0,0.177,0.358,0.131,0.2982,0.1435,1362.0,644.0,718.0,24.0,18564.0,0.38197076996197726,0.4644493346007605,0.1536
693,豪2,2487/3200,0.1755,0.1162,0.385,0.1326999999999999,0.1643,0.3207,0.2269,0.1624,12.149,6909.0,5357.0,2.551,0.0605999999999999,豪0.69,-4.4 (571),0.5388000000000001,0.1209,0.0951,3483.0,8278.0,7340.0,0.8798999999999999,0.1201,0.2118,9.372,0.1359,0.1842,0.0125,0.8031999999999999,0.5138,豪2,3166/3200,5.0,0.305,0.0946,10436.0,0.1689999999999999,0.2587,0.1325,0.2854,0.1743,1213.0,623.0,590.0,-118.0,7383.0,0.4985818803418804,0.3689872364672364,0.1326999999999999
551,豪3,1906/3600,0.2274,0.1278,0.3743,0.1338,0.1324,0.4807,0.3125,0.1896,12.077,6409.0,5941.0,2.428,0.0889,豪3.51,1.7 (973),0.5036999999999999,0.1364,0.0928,3211.0,8460.0,7076.0,0.7635,0.2365,0.18,9.702,0.1447,0.2044,0.0093,0.7393000000000001,0.5083,豪3,2811/3600,5.0,0.2928,0.1009999999999999,10689.0,0.2022,0.3411,0.1396,0.3247,0.1446,1457.0,759.0,698.0,29.0,5687.0,0.4199715039577836,0.44621262093227787,0.1338
548,豪1,1562/2800,0.2225,0.1456,0.3639,0.1169999999999999,0.1256,0.5134000000000001,0.4049,0.1586,12.251,6261.0,5601.0,2.513,0.0931,豪0.82,-0.6 (2453),0.4982999999999999,0.1196,0.0905,3019.0,7902.0,6711.0,0.8212,0.1788,0.181,9.356,0.1363,0.1794,0.0144999999999999,0.8436,0.5754,豪1,2784/2800,4.0,0.3004,0.0968,10176.0,0.1301999999999999,0.4355,0.1567,0.2902,0.1383,1393.0,816.0,577.0,-68.0,5644.0,0.3551927191011235,0.5280987865168539,0.1169999999999999
1502,豪2,1716/3200,0.2135999999999999,0.1434,0.3629,0.1131,0.1344,0.4656,0.2784,0.2158,12.407,6954.0,5599.0,2.477,0.0859,豪1.54,-1.7 (991),0.4972999999999999,0.1426,0.1051,2935.0,8119.0,7067.0,0.8039000000000001,0.1961,0.1955,9.715,0.1426,0.2061,0.0118,0.7414000000000001,0.4572,豪3,1800/3600,5.0,0.3236,0.098,10737.0,0.2147,0.2938,0.1513,0.2949,0.1394,1485.0,803.0,682.0,34.0,15687.0,0.5024220037453184,0.3843640449438204,0.1131
1034,傑3,796/2000,0.203,0.1455,0.3911,0.0718,0.136,0.5222,0.3007,0.2276,12.521,7388.0,5761.0,2.592,0.0754,豪-1.12,3.7,0.4619,0.144,0.1036,2801.0,8400.0,6903.0,0.7715000000000001,0.2285,0.1832,9.633,0.1673,0.2057999999999999,0.0078,0.6683,0.3827,豪2,2511/3200,6.0,0.3101,0.0986,10768.0,0.2253,0.3204,0.155,0.2769999999999999,0.1347,1500.0,838.0,661.0,-22.0,10769.0,0.5178740886699507,0.4103147783251231,0.0718
366,豪3,2490/3600,0.2101,0.1251,0.386,0.1261999999999999,0.1496,0.4269,0.2653999999999999,0.206,12.459,6991.0,5373.0,2.361,0.0464,聖2.46,8.1 (137),0.5337,0.1313,0.0963,3471.0,8264.0,6354.0,0.7938,0.2062999999999999,0.175,9.574,0.135,0.171,0.0113,0.7425,0.5,豪3,2500/3600,5.0,0.2998,0.1012,10030.0,0.216,0.2819,0.1329,0.2774,0.192,1469.0,672.0,796.0,147.0,3884.0,0.5232851023322226,0.35041389814374097,0.1261999999999999
229,傑3,1680/2000,0.1941,0.1571,0.3915999999999999,0.1704,0.14,0.5307,0.2868,0.1752,12.331,7020.0,5878.0,2.581,0.1354,豪-1.77,1.0,0.4681,0.1275,0.1054,3273.0,9208.0,7898.0,0.902,0.098,0.201,9.514,0.1814,0.2408,0.0074,0.7402,0.4191,豪1,1568/2800,4.0,0.3037,0.0891,9917.0,0.1421,0.3278999999999999,0.1796,0.2754,0.1301999999999999,1362.0,924.0,439.0,-200.0,2329.0,0.4225199381761979,0.4069279752704791,0.1704
1500,豪1,943/2800,0.2036,0.1412,0.3502,0.1367,0.1299,0.4839,0.3975999999999999,0.152,12.427,6614.0,5621.0,2.589,0.086,豪-1.15,-8.8 (107),0.5021,0.1513,0.1112,3147.0,8563.0,6891.0,0.8416,0.1583999999999999,0.2312,9.452,0.1329,0.1757,0.0054,0.7807,0.5,豪2,2358/3200,6.0,0.3072,0.1042,10496.0,0.1629,0.4095,0.1454,0.2501,0.1484,1347.0,794.0,553.0,-104.0,15738.0,0.3748487229862475,0.4884074656188604,0.1367
1924,聖2,1282/6000,0.2271,0.1167,0.3621999999999999,0.1439,0.1398,0.3679,0.3134,0.1755,12.04,6212.0,5376.0,2.444,0.0546,聖1.24,-2.3 (558),0.5191,0.1322,0.0982,2926.0,7582.0,6865.0,0.8188,0.1812,0.1984,9.21,0.1294,0.1902,0.0079,0.7518,0.5307,聖2,4486/6000,6.0,0.2992,0.1061,10815.0,0.1989,0.3326,0.1238,0.3298,0.1341999999999999,1411.0,627.0,784.0,73.0,20251.0,0.40115389696169085,0.45512690444738,0.1439
552,豪2,2132/3200,0.2239,0.1438,0.3578,0.1962,0.1251,0.4598,0.2834,0.1728,12.305,6399.0,5623.0,2.478,0.0888,豪1.40,-2.3 (941),0.5158,0.1359,0.0991,2836.0,7599.0,7227.0,0.8049,0.1951,0.1777,9.785,0.1369,0.1822,0.0060999999999999,0.7793000000000001,0.5256000000000001,豪2,3047/3200,6.0,0.3327,0.108,10670.0,0.1632,0.3239,0.1644,0.3207,0.1283,1433.0,809.0,624.0,-15.0,5667.0,0.3980805716837875,0.4059239839213935,0.1962
1866,豪2,429/3200,0.2085,0.147,0.3725,0.177,0.1322,0.4747999999999999,0.2775,0.1893,12.493,6944.0,5585.0,2.522,0.089,豪0.31,-6.7 (64),0.4795,0.1442999999999999,0.1043999999999999,2799.0,8197.0,7121.0,0.7974,0.2026,0.1907999999999999,9.673,0.1416,0.1903999999999999,0.0085,0.7678,0.499,豪2,2766/3200,6.0,0.3176,0.0965,10417.0,0.1859,0.2796,0.1481,0.2913,0.1378,1448.0,821.0,627.0,-26.0,19325.0,0.43534460431654676,0.38770143884892094,0.177
529,豪1,488/2800,0.2098999999999999,0.144,0.3789,0.1825,0.1278,0.4827,0.325,0.1852,12.637,6896.0,5712.0,2.478,0.1021,豪1.07,0.3 (7644),0.4622,0.1362,0.0984,2703.0,8100.0,6793.0,0.7614,0.2386,0.1859,10.102,0.1561,0.2065,0.0249,0.7465,0.4732,豪2,1741/3200,4.0,0.2667,0.1032,10248.0,0.1752,0.3286,0.1456,0.2646,0.1365,1448.0,822.0,625.0,-26.0,5431.0,0.40781057646498353,0.40969509290138184,0.1825
621,豪3,800/3600,0.1986,0.1319,0.3734,0.1232,0.1462,0.4195,0.2302,0.2208,12.364,7260.0,5386.0,2.454,0.0837,豪1.93,-4.0 (198),0.4758,0.1364,0.1086999999999999,3160.0,8738.0,6604.0,0.7859999999999999,0.214,0.2105,9.996,0.1586,0.2125,0.0166,0.7437999999999999,0.5047999999999999,豪3,3563/3600,5.0,0.3289999999999999,0.0967,10454.0,0.2282999999999999,0.2491,0.1427999999999999,0.3001,0.1514,1442.0,711.0,731.0,30.0,6541.0,0.5289861027190332,0.34785005035246724,0.12319999999999999
416,聖1,3201/4000,0.226,0.1236999999999999,0.3745,0.1574,0.1351,0.3752,0.2614,0.1767,12.258,6613.0,5356.0,2.38,0.0576999999999999,聖2.90,5.8 (301),0.5367999999999999,0.1355,0.0921,3243.0,8217.0,7899.0,0.7763,0.2237,0.1868,9.661,0.125,0.1887,0.0039,0.7670999999999999,0.5132,聖1,3728/4000,5.0,0.3162,0.0988,10467.0,0.1936,0.3082999999999999,0.1459,0.3657,0.1094,1495.0,663.0,832.0,171.0,4300.0,0.41970159292035386,0.42298221238938055,0.1574
750,聖3,6446/9000,0.2266,0.1118,0.3584,0.1268,0.1422,0.3885,0.3431,0.1686,12.052,6524.0,5448.0,2.327,0.0453,聖7.64,11.2 (227),0.5151,0.1314,0.0982,3355.0,8492.0,7180.0,0.797,0.203,0.1896999999999999,9.536,0.1446,0.2105999999999999,0.0089,0.7646,0.5203,聖3,6969/9000,7.0,0.3281,0.0987,10285.0,0.198,0.3849,0.1255,0.3238,0.1472,1479.0,609.0,869.0,190.0,8039.0,0.3832562224183583,0.49027263901147394,0.1268
1945,聖3,4735/9000,0.226,0.1226999999999999,0.3677,0.1314,0.1355,0.4201,0.3167,0.1867,12.095,6565.0,5465.0,2.375,0.0658,聖3.73,2.1 (1999),0.5049,0.1373,0.1061999999999999,3100.0,8180.0,6813.0,0.8319,0.1681,0.2082,9.442,0.1434,0.1903999999999999,0.0125,0.7140000000000001,0.4714,聖3,7681/9000,6.0,0.3382,0.1005,10525.0,0.2089,0.3354,0.13,0.3223,0.1438,1484.0,671.0,813.0,147.0,20165.0,0.41710101769911506,0.451647831858407,0.1314
788,豪1,850/2800,0.2238,0.1219,0.3495,0.0848,0.1388,0.4407999999999999,0.2875,0.2141,12.168,6005.0,5899.0,2.525,0.0673,豪0.70,-1.1 (777),0.5006,0.1352,0.1051,2631.0,7406.0,7327.0,0.8222,0.1778,0.1914999999999999,9.378,0.1506,0.2032,0.0034,0.6545000000000001,0.3954999999999999,豪2,2096/3200,5.0,0.3337,0.1083,10159.0,0.2375,0.2974,0.1261,0.3398,0.1367,1344.0,719.0,625.0,-33.0,8220.0,0.47890285969615737,0.4365169794459339,0.0848
952,豪1,2016/2800,0.1999,0.1168,0.3978,0.1119999999999999,0.1501,0.3097,0.2819,0.1737999999999999,12.248,6442.0,5462.0,2.556,0.0767,豪-0.38,-5.4 (372),0.5188,0.1433,0.1173,3069.0,8053.0,6883.0,0.8215,0.1785,0.201,9.495,0.1248,0.2094,0.0081,0.7483,0.4661,豪3,2230/3600,5.0,0.2962,0.0988,10310.0,0.2132,0.3267,0.1354,0.3099,0.1357,1288.0,638.0,650.0,-96.0,9958.0,0.4510627313656826,0.4370225612806403,0.1119999999999999
223,豪1,1541/2800,0.2067,0.1556,0.41,0.1003999999999999,0.1232,0.5228,0.2927,0.2282999999999999,12.694,7259.0,5840.0,2.529,0.1076,豪-0.36,-5.8 (266),0.4715999999999999,0.1402,0.1098,2792.0,8079.0,6597.0,0.7633,0.2367,0.178,10.133,0.1553,0.241,0.0189,0.7367,0.4299,豪1,2626/2800,5.0,0.3092,0.0962,10874.0,0.2055999999999999,0.3056,0.1625,0.2673999999999999,0.1315,1500.0,909.0,591.0,-62.0,2313.0,0.5208818577648763,0.3786549588776003,0.1003999999999999
335,豪1,1507/2800,0.2236,0.156,0.3675,0.1158,0.1125999999999999,0.5238,0.2874,0.2186,12.397,6707.0,5713.0,2.555,0.1104,豪-0.70,-7.3 (208),0.4796,0.1567,0.1172,2543.0,7954.0,7164.0,0.797,0.203,0.1962,9.547,0.1226,0.1534,0.0095,0.7534000000000001,0.4590999999999999,豪1,2082/2800,5.0,0.2898,0.0803999999999999,11510.0,0.2195,0.3034,0.1648,0.3233,0.1316,1500.0,891.0,609.0,-48.0,3358.0,0.4688754919499105,0.4155474955277281,0.1158
765,豪2,1165/3200,0.2196,0.146,0.3594,0.1107,0.1306,0.5331,0.3912,0.1692,12.254,6588.0,5724.0,2.518,0.081,豪0.26,-7.0 (169),0.4981,0.146,0.1135999999999999,3081.0,8519.0,7228.0,0.8179000000000001,0.1821,0.1971,9.549,0.146,0.216,0.0143,0.7223,0.4921999999999999,豪3,2214/3600,5.0,0.3233,0.0989,10914.0,0.1691,0.401,0.1497,0.2838,0.1438,1447.0,836.0,611.0,-27.0,7855.0,0.3837819672131147,0.505567213114754,0.1107
1527,豪2,1005/3200,0.1991,0.1251,0.3802,0.1296,0.1409,0.4008,0.2517,0.2017,12.291,6924.0,5656.0,2.566,0.0791999999999999,豪-0.17,-8.3 (122),0.4926,0.1414,0.1043999999999999,2933.0,8205.0,7007.0,0.8122,0.1878,0.2082,9.658,0.1377,0.1961,0.0157,0.7099,0.4754,豪2,2538/3200,5.0,0.3132,0.1077999999999999,10552.0,0.2279,0.2835,0.141,0.2937,0.1528,1378.0,708.0,671.0,-55.0,15814.0,0.4990327473631341,0.3712922651933702,0.1296
1070,豪3,2698/3600,0.2109,0.1168999999999999,0.3583,0.131,0.1432,0.3807999999999999,0.2954,0.174,11.95,6005.0,5316.0,2.563,0.0598,豪0.23,-9.8 (274),0.4967,0.1449,0.1033999999999999,2747.0,7713.0,6947.0,0.8545999999999999,0.1454,0.1982,9.264,0.1485,0.1825,0.0067,0.7087,0.4736,聖2,3062/6000,4.0,0.3103,0.1005,10476.0,0.2157,0.3384,0.1339,0.3278,0.1372,1266.0,621.0,645.0,-57.0,11225.0,0.4097951635846372,0.45913760075865334,0.131
1106,豪1,2396/2800,0.2201,0.1466,0.3688,0.0749,0.1276,0.478,0.3195,0.2135999999999999,12.392,6374.0,5615.0,2.539,0.0931,豪-0.27,-5.2 (459),0.4863,0.1317,0.0989,2813.0,7849.0,6913.0,0.8391,0.1609,0.2030999999999999,9.648,0.1551,0.1898999999999999,0.0176,0.7295999999999999,0.4640999999999999,豪2,2198/3200,6.0,0.3249,0.113,10280.0,0.1919,0.3503,0.1607,0.3121,0.1157,1403.0,823.0,579.0,-80.0,11411.0,0.47193857337573814,0.45304838709677414,0.0749
501,豪2,1629/3200,0.2291,0.1366,0.3729,0.2475,0.1239,0.4621,0.2854,0.1521,12.148,6055.0,5533.0,2.527,0.0679,豪0.08,-7.8 (209),0.5239,0.0994999999999999,0.0793,3424.0,8084.0,7180.0,0.8212,0.1788,0.2153999999999999,9.322,0.1485999999999999,0.1898999999999999,0.0013,0.7078,0.4244,豪2,2643/3200,5.0,0.363,0.1092,10442.0,0.1108,0.3043,0.1456,0.3248,0.1174,1387.0,756.0,632.0,-12.0,5220.0,0.3478183762549106,0.40461772151898734,0.2475
2233,豪2,899/3200,0.2125,0.1495,0.3703,0.1583,0.1303,0.4804,0.2634,0.1844,12.352,6807.0,5515.0,2.54,0.0877999999999999,豪0.03,-7.8 (115),0.4974,0.1387,0.1016,3317.0,8639.0,6450.0,0.7851,0.2148999999999999,0.183,9.539,0.1499,0.2052,0.0037,0.7816,0.5235,豪2,2369/3200,6.0,0.3201,0.103,10486.0,0.1711,0.2798,0.1588,0.3309,0.1186,1447.0,824.0,622.0,-28.0,23269.0,0.43162616470588244,0.4101602823529413,0.1583
1914,豪2,1408/3200,0.1945,0.1086999999999999,0.3777,0.1413,0.1547,0.3607,0.2477,0.1837,12.239,6620.0,5506.0,2.513,0.0617,豪1.15,-3.0 (465),0.4968,0.1266,0.095,3122.0,8215.0,7017.0,0.8745,0.1255,0.2062999999999999,9.53,0.1617,0.1921999999999999,0.0102,0.7254999999999999,0.4821,豪2,3191/3200,6.0,0.3288,0.0931,10471.0,0.214,0.3005,0.1319,0.3059,0.1436,1288.0,598.0,689.0,-40.0,20298.0,0.46921419023136246,0.3895703341902313,0.1413
696,豪2,1004/3200,0.1951999999999999,0.1236999999999999,0.3627,0.1845,0.141,0.3634,0.2292,0.1629,12.43,7217.0,5377.0,2.466,0.0718,豪2.13,0.5 (4576),0.5193,0.1328,0.1027999999999999,3370.0,8539.0,7254.0,0.8175,0.1825,0.1945,9.522,0.1328,0.1997,0.0137,0.8201,0.5972999999999999,豪3,1897/3600,4.0,0.3383,0.0935,10419.0,0.1748999999999999,0.2506,0.1352,0.3252,0.1358,1408.0,665.0,743.0,27.0,7163.0,0.43337074795081987,0.38184344262295095,0.1845
462,豪2,684/3200,0.2127,0.1405,0.3456,0.0874,0.1299,0.4602,0.312,0.1992,12.359,6981.0,5648.0,2.498,0.0866,豪1.20,-2.9 (234),0.492,0.1527,0.1092,3042.0,8471.0,6928.0,0.7943000000000001,0.2057,0.1888,9.914,0.1485,0.2284,0.018,0.7953,0.4634,豪2,2661/3200,5.0,0.3534,0.0999,10713.0,0.2165,0.3082999999999999,0.1388,0.3081,0.1307,1485.0,793.0,692.0,-7.0,4734.0,0.4607729196050776,0.45193794076163607,0.0874
308,豪1,2059/2800,0.2092,0.1176,0.3692,0.1764,0.1479,0.408,0.2294999999999999,0.1842,12.119,6436.0,5635.0,2.516,0.0843999999999999,豪1.92,3.1 (242),0.5331,0.1307,0.107,3130.0,7874.0,7734.0,0.8370000000000001,0.163,0.2019999999999999,9.24,0.1477,0.2102,0.0017,0.7589,0.4975,豪1,2278/2800,8.0,0.2739,0.096,10209.0,0.2048,0.2287,0.1172,0.3228999999999999,0.1322,1346.0,663.0,684.0,16.0,3198.0,0.4693930210325048,0.354233030592734,0.1764
537,聖1,1751/4000,0.2012,0.1265,0.3686,0.2087,0.139,0.4463,0.2298,0.1827,12.491,7283.0,5429.0,2.412,0.0633,聖1.51,1.6 (1371),0.4922999999999999,0.1462,0.1173,3198.0,8634.0,6670.0,0.7644,0.2355999999999999,0.1712,10.008,0.1558,0.2012,0.0096,0.7951999999999999,0.5058,聖1,3364/4000,5.0,0.2949,0.0966,10365.0,0.2110999999999999,0.2569,0.1414,0.3012,0.1552,1465.0,687.0,778.0,99.0,5692.0,0.447033846918489,0.34401471172962234,0.2087
247,豪1,1491/2800,0.2294,0.1664999999999999,0.3736,0.1043999999999999,0.1104,0.5763,0.3342,0.2141,11.945,6231.0,5665.0,2.583,0.0931,豪-1.61,-11.6 (129),0.4703,0.1521,0.1171,2413.0,7632.0,7011.0,0.8059000000000001,0.1941,0.1957999999999999,9.529,0.1469,0.223,0.0121999999999999,0.7184999999999999,0.4266,豪1,2461/2800,6.0,0.2862,0.1138,10257.0,0.1955,0.3483,0.1736,0.3135,0.1097,1429.0,943.0,486.0,-142.0,2672.0,0.4389329991281605,0.45672057541412386,0.1043999999999999
1112,豪1,1883/2800,0.2107,0.1399,0.3715,0.1878,0.1245,0.4585,0.2756,0.1515,12.222,6241.0,5679.0,2.603,0.0827,豪-1.58,-10.8 (174),0.5405,0.1185,0.0978,3512.0,8206.0,7028.0,0.8753,0.1247,0.2012,8.857,0.1325,0.1913,0.0006,0.7608,0.5203,豪2,1861/3200,6.0,0.3185,0.0899,10646.0,0.1284,0.2938,0.1491,0.3237,0.1297,1315.0,794.0,521.0,-124.0,11805.0,0.3886366872330327,0.42340635975320356,0.1878
1081,聖1,1448/4000,0.2061,0.1318,0.3678,0.1581,0.1313,0.4609,0.3034,0.18,12.538,7258.0,5484.0,2.422,0.0759,聖1.04,0.2,0.4977,0.1391,0.0915,3287.0,8733.0,6919.0,0.7484000000000001,0.2516,0.1476,10.285,0.1496,0.2362,0.024,0.8123,0.5429999999999999,聖2,3614/6000,7.0,0.3327,0.095,10374.0,0.1898999999999999,0.3367,0.1463,0.2766,0.1445,1496.0,723.0,773.0,98.0,11106.0,0.43467248908296935,0.407183114992722,0.1581
971,豪2,1708/3200,0.2484,0.1689,0.3463,0.1061,0.1093,0.647,0.3632999999999999,0.213,12.445,6180.0,5930.0,2.494,0.1081,豪0.66,-5.4 (319),0.4941,0.1427,0.1076,2709.0,7709.0,7018.0,0.789,0.211,0.1848999999999999,9.644,0.1418,0.1987,0.0175,0.7609999999999999,0.4713,豪2,2376/3200,8.0,0.31,0.0984,10674.0,0.1798999999999999,0.3712,0.1726,0.3215999999999999,0.1125999999999999,1535.0,1002.0,533.0,-19.0,9903.0,0.42368478260869563,0.4703594202898548,0.1061
336,豪1,967/2800,0.2241,0.1394,0.3628,0.1322,0.1263,0.4247999999999999,0.3227,0.1621,12.281,6018.0,5747.0,2.613,0.0863,豪-2.20,-14.7 (66),0.5241,0.1414,0.1121,2976.0,7822.0,7133.0,0.8155,0.1845,0.1948,9.45,0.1155,0.1644999999999999,0.0103,0.7534000000000001,0.4947999999999999,豪1,2246/2800,4.0,0.2993,0.1065,10226.0,0.1643,0.3407,0.1472,0.3394,0.1238,1349.0,801.0,547.0,-121.0,3579.0,0.37910133868808565,0.4887299419901829,0.1322
304,豪2,480/3200,0.2417,0.1537,0.3436,0.0550999999999999,0.1425,0.5478000000000001,0.4013,0.216,12.292,6749.0,6098.0,2.47,0.0822,豪1.77,-0.8 (572),0.4907,0.1392,0.1105,2970.0,8399.0,7590.0,0.8178,0.1822,0.2281,9.144,0.1478,0.2076,0.0086,0.7044,0.4261,豪2,2299/3200,6.0,0.3157999999999999,0.1106,10421.0,0.1956,0.4294,0.1644999999999999,0.305,0.1398,1631.0,937.0,694.0,104.0,3227.0,0.43852378982209356,0.5063984278030615,0.0550999999999999
286,豪2,2522/3200,0.2339999999999999,0.1249,0.3615,0.1061999999999999,0.1253,0.4102,0.3418,0.1833,12.259,6396.0,5766.0,2.479,0.0594,豪2.24,0.9 (2726),0.5385,0.1447,0.1081,3239.0,7939.0,6539.0,0.7875,0.2125,0.1813,9.243,0.1226999999999999,0.1905,0.0092,0.7515000000000001,0.502,豪3,2123/3600,6.0,0.3095,0.1196,10416.0,0.2123999999999999,0.3898,0.1424,0.3232,0.1316,1497.0,720.0,777.0,75.0,2978.0,0.4218250000000001,0.4720929914529916,0.10619999999999992
565,豪2,1365/3200,0.231,0.1411,0.3599,0.1639,0.1267,0.516,0.3555,0.1723,12.382,6668.0,5618.0,2.389,0.0655,聖1.96,9.6 (191),0.5157,0.1568999999999999,0.1186,3218.0,8584.0,7152.0,0.8343,0.1657,0.2078,9.64,0.1373,0.192,0.0029,0.7578,0.555,聖2,3489/6000,5.0,0.3042,0.0917999999999999,10577.0,0.1916,0.3581,0.1421,0.2933,0.1545,1540.0,793.0,747.0,139.0,5919.0,0.3846541558441559,0.45137727272727274,0.1639
162,豪2,1906/3200,0.2282999999999999,0.1317,0.3853999999999999,0.0512,0.1274,0.4686,0.36,0.2110999999999999,12.544,6502.0,5130.0,2.389,0.0802,聖1.98,9.7 (134),0.4752,0.1487,0.0991,2972.0,8501.0,6388.0,0.8192,0.1808,0.1953,10.144,0.1369999999999999,0.2269999999999999,0.0262,0.7289,0.4636,豪2,1906/3200,4.0,0.2822,0.1033999999999999,11046.0,0.2382999999999999,0.3318,0.1214,0.3231,0.1248,1485.0,676.0,809.0,164.0,1625.0,0.4393986859395532,0.5094875164257557,0.0512
2620,豪3,3041/3600,0.2142,0.1338,0.3682,0.1159,0.1358,0.451,0.2910999999999999,0.1978,12.495,6866.0,5494.0,2.45,0.066,豪2.78,-0.8 (3998),0.5031,0.1331,0.0983,3234.0,8480.0,6976.0,0.7931,0.2069,0.1928,9.692,0.1407,0.2016,0.0083,0.8312,0.5304,聖1,3159/4000,5.0,0.3339,0.0988,10617.0,0.1969,0.3126,0.1437,0.3087999999999999,0.1452999999999999,1471.0,735.0,736.0,77.0,27261.0,0.46458067226890754,0.41966237161531256,0.1159
1227,豪2,2431/3200,0.2044,0.1127,0.37,0.1352,0.1451,0.4217,0.3818999999999999,0.1591,12.228,6535.0,5535.0,2.491,0.066,豪2.16,0.6 (1346),0.4796,0.1422,0.1005,2994.0,8437.0,6767.0,0.7901,0.2098999999999999,0.1926999999999999,9.689,0.1578999999999999,0.1984,0.0118,0.7553,0.5091,豪3,2192/3600,6.0,0.3384,0.0939,10570.0,0.2007999999999999,0.3975,0.1173,0.263,0.1682,1335.0,624.0,712.0,14.0,12816.0,0.37330900195694716,0.49138796477495095,0.1352
1583,魂1,3.8/20.0,0.2273,0.1224,0.3644,0.1698,0.1355,0.4488,0.3162,0.1821,12.317,6971.0,5546.0,2.322,0.0682,聖5.28,6.5,0.4956,0.1454,0.1033999999999999,3243.0,8760.0,6851.0,0.7737,0.2263,0.1944,9.611,0.14,0.1985,0.0084,0.7152,0.4772,魂1,11.8/20.0,5.0,0.3381,0.0969999999999999,10244.0,0.2163,0.3392,0.1313,0.3112,0.1476,1584.0,679.0,905.0,241.0,16352.0,0.3970468983721953,0.4329143862736471,0.1698
438,豪1,1509/2800,0.2239,0.1558,0.3759,0.0699,0.1195,0.5142,0.2905,0.2261,12.156,6754.0,5463.0,2.525,0.0822,豪0.09,-3.7 (408),0.4985,0.1374,0.0943,3219.0,8453.0,6474.0,0.8375,0.1625,0.2126,9.286,0.1304,0.2254,0.005,0.657,0.4102,豪2,2468/3200,5.0,0.3139,0.1089,10402.0,0.1994,0.3042,0.1632,0.3286,0.0999,1512.0,851.0,661.0,12.0,4409.0,0.5033981688253685,0.426343456900402,0.0699
2035,豪1,455/2800,0.2035,0.1234,0.3706,0.147,0.1437,0.3992,0.3096,0.1586,12.107,6474.0,5591.0,2.536,0.0708,豪0.39,-2.2 (76),0.499,0.1314,0.0966,3187.0,8372.0,7032.0,0.8345,0.1655,0.1962,9.321,0.1582,0.175,0.0139999999999999,0.7637,0.5255,豪3,1992/3600,8.0,0.3224,0.0935999999999999,10381.0,0.1689,0.3171,0.1264,0.3051999999999999,0.149,1318.0,690.0,628.0,-49.0,21594.0,0.3889012285012285,0.46432393120393106,0.147
492,聖1,1052/4000,0.2153,0.1021,0.3793999999999999,0.1518,0.1436,0.3821,0.3322,0.1745,12.01,6412.0,5458.0,2.411,0.0549,聖2.54,4.6 (643),0.524,0.126,0.1026,3240.0,8047.0,7051.0,0.8371999999999999,0.1628,0.2319,9.143,0.1427,0.1681,0.0156,0.7625,0.4749,聖1,2115/4000,4.0,0.2979,0.1119,10709.0,0.2152,0.3543,0.1089,0.2746,0.1621999999999999,1381.0,557.0,823.0,119.0,5141.0,0.42470041802136554,0.4236977241058988,0.1518
643,豪3,1326/3600,0.2217,0.1214,0.3759,0.2012999999999999,0.1348,0.4147,0.2561,0.175,12.237,6485.0,5603.0,2.442,0.0559999999999999,豪3.82,2.7 (852),0.522,0.1364,0.0966,3291.0,8311.0,6709.0,0.8288,0.1712,0.2017,9.521,0.1177999999999999,0.1834,0.0042,0.7983,0.5550999999999999,豪3,2919/3600,5.0,0.3101,0.1077999999999999,10371.0,0.1966,0.2784,0.132,0.3347,0.1436,1438.0,680.0,757.0,90.0,6744.0,0.41204330175913395,0.38663360396932794,0.2012999999999999
304,豪1,252/2800,0.2208999999999999,0.1506,0.3725,0.0784,0.1209,0.4765999999999999,0.4404,0.1552,12.131,6672.0,5733.0,2.546,0.1052999999999999,豪-0.64,-7.1 (36),0.4871,0.1502,0.1094,3005.0,8755.0,7797.0,0.8262,0.1737999999999999,0.1953,9.467,0.1588,0.2203,0.0021,0.7145999999999999,0.4421,豪2,2814/3200,5.0,0.37,0.1041,10374.0,0.1549,0.385,0.1316,0.2905,0.1142,1474.0,863.0,610.0,-54.0,3002.0,0.3422268899954732,0.5791588954277955,0.0784
1514,聖1,590/4000,0.2117,0.13,0.3656,0.1523,0.1308,0.4711,0.2781,0.1881,12.334,6639.0,5440.0,2.46,0.0753,豪2.82,-4.0 (149),0.5172,0.1413,0.1115,3175.0,8234.0,6920.0,0.7938,0.2062,0.2025,9.447,0.1309,0.1948,0.0113999999999999,0.7659999999999999,0.5146000000000001,聖2,5583/6000,6.0,0.3126,0.1067,10419.0,0.2044,0.2944,0.1376,0.2954,0.1619,1405.0,707.0,698.0,23.0,15883.0,0.45954331601322623,0.38805262163438836,0.1523
680,傑3,680/2000,0.2419,0.1654,0.3735,0.0936999999999999,0.1116,0.5952000000000001,0.3756,0.2153,12.235,6114.0,6073.0,2.59,0.1118,豪-1.51,2.1,0.4967,0.1222,0.0928,2787.0,7489.0,6821.0,0.8078,0.1921999999999999,0.1961,9.718,0.1516,0.2026,0.0033,0.7863,0.4889,豪2,2104/3200,5.0,0.3224,0.1108,10703.0,0.1591,0.3821,0.1682,0.299,0.1098,1479.0,1004.0,475.0,-131.0,7106.0,0.4420814799503927,0.46425961140967337,0.09369999999999988
1140,聖2,1010/6000,0.2125,0.1093,0.3695,0.1392,0.1448,0.3553,0.2998,0.1616,11.93,6253.0,5233.0,2.454,0.0553,豪3.45,-5.0 (202),0.528,0.1333,0.0923,3370.0,8115.0,6364.0,0.847,0.153,0.1976,9.081,0.139,0.2073,0.0052,0.7578,0.5347999999999999,聖2,4095/6000,6.0,0.3379,0.0971,10278.0,0.1971,0.319,0.1163,0.3257,0.1409,1329.0,572.0,757.0,50.0,11933.0,0.4015284705882353,0.45950522352941187,0.1392
770,豪2,1513/3200,0.2161,0.1335,0.3840999999999999,0.1414,0.1326,0.4465999999999999,0.3369,0.1732999999999999,12.259,6407.0,5524.0,2.488,0.0857,豪1.43,-2.1 (716),0.5051,0.1416,0.1113,2637.0,7395.0,7171.0,0.8244,0.1755999999999999,0.1805999999999999,9.378,0.1409,0.1989,0.0123,0.7759999999999999,0.5455,豪2,2620/3200,4.0,0.3375999999999999,0.0962,10474.0,0.1839,0.3602,0.1427,0.291,0.1375,1385.0,737.0,647.0,-3.0,7987.0,0.4050616844053677,0.4536691346598797,0.1414
6305,聖3,2750/9000,0.2075,0.1158,0.3636999999999999,0.1616,0.1437,0.3776,0.2671,0.1835,12.143,6561.0,5375.0,2.452,0.0672,豪3.44,-8.3 (331),0.488,0.1392,0.1045,3003.0,8263.0,6786.0,0.8317,0.1682999999999999,0.2053,9.742,0.1537,0.2075,0.0113,0.7426999999999999,0.5219,聖3,4905/9000,8.0,0.3206,0.0982,10504.0,0.2207,0.29,0.1257,0.3162,0.1445,1362.0,622.0,739.0,31.0,66414.0,0.4315566265060241,0.4070217831325302,0.16159999999999997
151,豪2,1370/3200,0.204,0.1261,0.3606,0.1515,0.1409,0.4474,0.288,0.1828999999999999,12.386,6821.0,5398.0,2.437,0.0596,豪2.71,2.5 (720),0.4595,0.1419,0.1047,2754.0,8405.0,6817.0,0.8277,0.1723,0.1823999999999999,9.667,0.1384999999999999,0.1985,0.0101,0.7365,0.4392,豪2,1600/3200,3.0,0.3162,0.1002,10976.0,0.2059,0.3137,0.1373,0.309,0.1631,1391.0,681.0,711.0,14.0,1618.0,0.41197328431372526,0.43623529411764705,0.1515
588,豪1,480/2800,0.2009,0.1273,0.3596,0.1124,0.1503999999999999,0.3525,0.3393,0.1741,12.294,6471.0,5288.0,2.592,0.0713999999999999,豪-0.65,-6.2 (77),0.4857,0.1435,0.1058,2922.0,8397.0,7199.0,0.8261,0.1739,0.207,9.615,0.1417,0.1894,0.0175,0.7315999999999999,0.4609,豪2,3093/3200,5.0,0.3125,0.1015,10217.0,0.1962,0.3697999999999999,0.1388,0.2762,0.1473,1300.0,673.0,626.0,-80.0,6243.0,0.4209077650572425,0.4664741662518666,0.11239999999999999
516,豪3,2120/3600,0.2133,0.1219,0.3638,0.1094999999999999,0.1408,0.3616,0.3839,0.1449,12.264,6489.0,5441.0,2.415,0.064,豪3.42,1.5 (1011),0.5254,0.1497,0.1155,3413.0,8703.0,7048.0,0.797,0.203,0.1929,9.356,0.1294,0.2053,0.0076,0.8109000000000001,0.5367999999999999,豪3,3029/3600,4.0,0.3382,0.0967,10413.0,0.178,0.3846,0.1221,0.2965,0.1413,1384.0,663.0,721.0,25.0,5439.0,0.35691729957805907,0.533644397562119,0.1094999999999999
1201,豪1,999/2800,0.1979,0.1478,0.3741,0.2173999999999999,0.1305,0.4825,0.345,0.1313,12.455,6981.0,5719.0,2.594,0.0891,豪-1.43,-10.3 (57),0.496,0.1422,0.1074,3235.0,8734.0,7102.0,0.8011,0.1989,0.1982999999999999,9.885,0.1495,0.1919,0.0043,0.7816,0.5088,豪2,2037/3200,4.0,0.3481,0.0978999999999999,10811.0,0.1263,0.355,0.1521,0.2601,0.1549,1381.0,845.0,536.0,-96.0,12482.0,0.3290793329964629,0.45343355229914106,0.21739999999999987
470,傑3,1000/2000,0.236,0.1546,0.351,0.0843,0.122,0.5748,0.2608,0.2483,12.416,6328.0,5733.0,2.545,0.083,豪-0.32,7.1,0.5078,0.1338,0.0958,2859.0,7678.0,7096.0,0.8142,0.1858,0.2122,9.279,0.1452999999999999,0.1724,0.0098999999999999,0.6945,0.431,豪2,2514/3200,5.0,0.374,0.1089,10489.0,0.2148999999999999,0.2639,0.1564,0.3450999999999999,0.1093,1494.0,886.0,607.0,4.0,4877.0,0.5342658474576272,0.3813647457627118,0.0843
